country,count
China,33673
United States of America,28247
Italy,9490
United Kingdom,8504
France,5707
Germany,4731
Canada,4524
Spain,4515
Japan,4437
Australia,4285
Korea,3809
India,3435
Brazil,2931
Netherlands,2906
Taiwan,2888
Iran,1750
Switzerland,1681
Belgium,1545
Sweden,1125
Singapore,1090
Saudi Arabia,1056
Poland,1053
Turkey,877
Greece,832
Denmark,826
Israel,782
Finland,755
Egypt,626
Austria,622
South Africa,606
Portugal,601
Malaysia,577
Thailand,547
Bangladesh,510
Pakistan,495
Vietnam,493
Russia,472
Ireland,446
Mexico,431
Norway,341
New Zealand,324
Chile,322
Colombia,310
Czech Republic,272
Argentina,261
Hungary,261
Singapore Singapore,247
Nigeria,243
Indonesia,214
Croatia,204
Morocco,203
Tunisia,196
Ghana,179
Georgia,172
Jordan,172
Qatar,164
Kenya,162
Mxico,143
Ethiopia,124
Uganda,119
Brasil,118
Cambodia,116
Philippines,115
Romania,113
Slovenia,111
Peru,106
California,105
Serbia,97
Austria Austria,95
Algeria,89
Scotland Uk,89
United Arab Emirates,87
Ecuador,85
Espaa,82
Nepal,82
Gabon,79
Malawi,73
Lebanon,69
Kuwait,69
Cuba,67
Uruguay,66
Sri Lanka,65
Estonia,61
Madagascar,60
Cameroon,60
Luxembourg,55
Venezuela,55
Senegal,54
Cyprus,54
Oman,52
Sudan,51
Slovakia,51
Russian Federation,45
England,44
Tanzania,44
Pennsylvania,43
Bulgaria,43
Brasil ,43
Pakistan Pakistan,40
Zimbabwe,39
